<?xml version="1.0"?>
<!DOCTYPE struts-config PUBLIC "-//Apache Software Foundation//DTD Struts Configuration 1.2//EN" "http://jakarta.apache.org/struts/dtds/struts-config_1_2.dtd">

<struts-config>

	<form-beans>
		<form-bean name="cicloForm" dynamic="true" type="cl.axis.emision.web.form.DetalleCicloForm" />
		<form-bean name="gestionForm" dynamic="true" type="cl.axis.emision.web.form.GestionForm" />
		<form-bean name="printForm" type="cl.axis.emision.web.form.PrintForm" />     
		<form-bean name="agregaArchivoForm" dynamic="true" type="cl.axis.emision.web.form.AgregaArchivoForm" />
	</form-beans>

	<action-mappings>

		<action 
			path="/viewDocumentosDigitalesAction" 
			type="cl.axis.emision.web.action.ViewDocumentosDigitalesAction" 
			name="cicloForm"
			scope="session" 
			validate="false">			
		</action>		
		
		<action 
			path="/viewDetalleCicloAction" 
			type="cl.axis.emision.web.action.ViewDetalleCicloAction" 
			name="cicloForm"
			scope="session" 
			validate="false">
			<forward name="VIEW_DOCUMENTOS" path="layout.emision.fotos" redirect="true" />
			<forward name="VIEW_CICLO_INSP" path="layout.emision.inspeccion" redirect="true" />
			<forward name="VIEW_DEVOLVER" path="layout.emision.devolver" redirect="true" />
			<forward name="VIEW_ERROR" path="layout.viewerror"/>
		</action>	
<!-- 		
		<action 
			path="/agregarDocumento" 
			type="cl.axis.emision.web.action.AgregarDocumentoAction" 
			name="cicloForm"
			scope="session" 
			validate="false">
			<forward name="VIEW_CLOSE" path="layout.viewclose"/>
			<forward name="VIEW_DOCUMENTOS" path="layout.emision.fotos" redirect="true" />
		</action>
		 -->
		<!--  <action 
			path="/viewCambiarEstado" 
			type="cl.axis.emision.web.action.ViewCambiarEstadoAction" 
			name="cicloForm"
			scope="session" 
			validate="false">-->
			<!--  <forward name="VIEW_MENSAJE" path="layout.emision.mensaje" redirect="true" /> -->			
			<!-- <forward name="VIEW_SELECCION_USUARIO" path="layout.emision.seleccion_usuario" redirect="true" />
			<forward name="VIEW_DOCUMENTOS" path="layout.emision.fotos" redirect="true" />
		</action>-->
		
		<action 
			path="/viewCambiarEstado" 
			type="cl.axis.emision.web.action.ViewCambiarEstadoAction" 
			name="cicloForm"
			scope="session" 
			validate="false">
			<!--  <forward name="VIEW_MENSAJE" path="layout.emision.mensaje" redirect="true" /> -->			
			<forward name="VIEW_SELECCION_USUARIO" path="layout.emision.seleccion_usuario" redirect="true" />
			<forward name="VIEW_DOCUMENTOS" path="layout.emision.fotos" redirect="true" />
			<forward name="VIEW_CLOSE" path="layout.viewclose"/>
		</action>
		
	    <action 
			path="/viewCambiarDocumentacion" 
			type="cl.axis.emision.web.action.ViewCambiarDocumentacionAction" 
			name="cicloForm"
			scope="session" 
			validate="false">	
			<forward name="VIEW_DOCUMENTOS" path="layout.emision.fotos" redirect="true" />
			<forward name="VIEW_CLOSE" path="layout.viewclose"/>
		</action>
		
		<action 
			path="/cambiarEstado" 
			type="cl.axis.emision.web.action.CambiarEstadoAction" 
			name="cicloForm"
			scope="session" 
			validate="false">
			<forward name="VIEW_CLOSE" path="layout.viewclose"/>
			<!-- <forward name="VIEW_MENSAJE" path="layout.emision.mensaje" redirect="true" /> -->
		</action>
		
		<action 
			path="/modificarInfoCiclo" 
			type="cl.axis.emision.web.action.ModificarInfoCicloAction" 
			name="cicloForm"
			scope="session" 
			validate="false">
			<forward name="VIEW_CLOSE" path="layout.viewclose"/>
			<forward name="VIEW_DOCUMENTOS" path="layout.emision.fotos" redirect="true" />
			<!-- <forward name="VIEW_MENSAJE" path="layout.emision.mensaje" redirect="true" /> -->
		</action>
		
	  <action 
			path="/devolverTarea" 
			type="cl.axis.emision.web.action.DevolverTareaAction" 
			name="cicloForm"
			scope="session" 
			validate="false">
			<forward name="VIEW_CLOSE" path="layout.viewclose"/>
			<!-- <forward name="VIEW_MENSAJE" path="layout.emision.mensaje" redirect="true" /> -->
		</action>
		
		<!-- envia mail de rechazo -->
		<action 
			path="/enviaMail" 
			type="cl.axis.emision.web.action.EnviaMailAction" 
			name="cicloForm"
			scope="session" 
			validate="false">
			<forward name="VIEW_CLOSE" path="layout.viewclose"/>
		</action>
		
		<action path="/viewGestion" type="cl.axis.emision.web.action.ViewGestionAction" scope="session" validate="true" name="gestionForm"  >
			<forward name="VIEW_GESTION" path="layout.emision.bandeja" redirect="true" />
		</action>
		
		<action path="/gestion" type="cl.axis.emision.web.action.GestionAction" scope="session" validate="true" name="gestionForm" >
			<forward name="VIEW_GESTION" path="layout.emision.bandeja" redirect="true" />
		</action>
		
		<action path="/gestionCotizacion" type="cl.axis.emision.web.action.GestionCotizacionAction" scope="session" validate="true" name="gestionForm" >
			<forward name="VIEW_GESTION" path="layout.emision.bandeja.cotizacion" redirect="true" />
		</action>
		
		<action path="/viewDetalleCicloGestionAction" 	type="cl.axis.emision.web.action.ViewDetalleCicloGestionAction" 	name="cicloForm" 	scope="session" validate="false">
			<forward name="VIEW_DOCUMENTOS" path="layout.emision.detalle.gestion" redirect="true" />
		</action>
		
		<action path="/viewDetalleCicloGestionCotAction" 	type="cl.axis.emision.web.action.ViewDetalleCicloGestionCotAction" 	name="cicloForm" 	scope="session" validate="false">
			<forward name="VIEW_DOCUMENTOS" path="layout.emision.detalle.gestion.cotizacion" redirect="true" />
		</action>	

		<action path="/detalleCicloGestionAction" 	type="cl.axis.emision.web.action.DetalleCicloGestionAction" 	name="cicloForm" 	scope="session" validate="false">
			<forward name="VIEW_DOCUMENTOS" path="layout.emision.detalle.gestion" redirect="true" />
		</action>
		
		<action path="/detalleCicloGestionCotAction" 	type="cl.axis.emision.web.action.DetalleCicloGestionCotAction" 	name="cicloForm" 	scope="session" validate="false">
			<forward name="VIEW_DOCUMENTOS" path="layout.emision.detalle.gestion.cotizacion" redirect="true" />
		</action>		
		
		<action path="/viewGestionCotizacion" type="cl.axis.emision.web.action.ViewGestionCotizacionAction" name="gestionForm" scope="session" validate="true">
			<forward name="VIEW_GESTION" path="layout.emision.bandeja.cotizacion" redirect="true" />
		</action>	

	  <action path="/printAction" 
        	name="printForm"
        	scope="session"
            type="cl.axis.emision.web.action.PrintAction">
            <forward name="VIEW_NO_DATA_FOUND" path="/common/nodatafoundpolicy.jsp" />
        </action>
      
      <!-- ADJUNTAR ARCHIVOS -->
		<action path="/agregarDocumento" type="cl.axis.emision.web.action.AgregarArchivoAction" scope="session" name="agregaArchivoForm" parameter="method" >
			<forward name="VIEW_AGREGAR_ARCHIVO" path="layout.doc.agregar.archivo" redirect="true" />
			<forward name="VIEW_AGREGAR_ARCHIVO_EMI" path="layout.emision.agregar.archivo" redirect="true" />
  		</action>
  		
	   	<action path="/imprimirDocumento" type="cl.axis.emision.web.action.ImprimirDocumentoAction" scope="session" validate="true" parameter="method">
			<forward name="VIEW_BUSQUEDA_DOCUMENTOS" path="layout.busqueda.documentos" redirect="true"/>
		</action>
		
		<!-- nuevo boton para modificar ciclo -->
		<!-- filtro de busqueda -->
		<action path="/viewBuscarCiclo" type="cl.axis.emision.web.action.ViewBuscarCicloAction" scope="session" validate="true" name="gestionForm"  >
			<forward name="VIEW_BUSCAR_CICLO" path="layout.busqueda.ciclo" redirect="true" />
		</action>
		<!-- resultado de busqueda -->
		<action path="/resultadoBusqueda" type="cl.axis.emision.web.action.ResultadoBusquedaAction" scope="session" validate="true" name="gestionForm" >
			<forward name="VIEW_RESULTADO_BUSQUEDA" path="layout.busqueda.ciclo" redirect="true" />
		</action>
		<!-- pantalla detalle del ciclo a modificar -->	
		<action 
			path="/viewCicloAction" 
			type="cl.axis.emision.web.action.ViewCicloAction" 
			name="cicloForm"
			scope="session" 
			validate="false">
			<forward name="VIEW_CICLO" path="layout.modificar.ciclo" redirect="true" />
		</action>	
		<action 
			path="/modificarCiclo" 
			type="cl.axis.emision.web.action.ModificarCicloAction" 
			name="cicloForm"
			scope="session" 
			validate="false">
			<forward name="CICLO_CLOSE" path="layout.cerrar.ciclo"/>
		</action>
		
		<action 
			path="/verObservacion" 
			type="cl.axis.emision.web.action.VerObservacionAction" 
			name="cicloForm"
			scope="session" 
			validate="false">
			<forward name="VIEW_OBSERVACION" path="layout.observacion.ciclo"/>
		</action>
		
		<action path="/cotizacionMasiva" type="cl.axis.emision.web.action.CotizacionMasivaAction" 
			name="cicloForm" scope="session" validate="false" parameter="method" />
			
		<action path="/cicloEmisionJSON" type="cl.axis.emision.web.action.CicloEmisionJSONAction" 
			name="cicloForm" scope="session" validate="false" parameter="method" />
			
		<action path="/actualizaPrioridadJSON" type="cl.axis.emision.web.action.CicloEmisionJSONAction" 
			name="cicloForm" scope="session" validate="false" parameter="method" />				
		
		<action path="/verObservacionJSON" type="cl.axis.emision.web.action.CicloEmisionJSONAction" 
			name="cicloForm" scope="session" validate="false" parameter="method" />
		
		 <action 
			path="/viewSolicitudPlan" 
			type="cl.axis.emision.web.action.ViewSolicitudPlanAction" 
			name="cicloForm"
			scope="session" 
			validate="false">
			<forward name="VIEW_PLANES" path="layout.emision.solicitud.plan" redirect="true" />
			<forward name="VIEW_ERROR" path="layout.viewerror"/>
		</action> 
		
		
					
		</action-mappings>

	<message-resources parameter="resources.ApplicationResources" />

	<!-- Tiles Plugin -->
	<plug-in className="org.apache.struts.tiles.TilesPlugin">
		<set-property property="definitions-config"
			value="/WEB-INF/tiles-defs.xml" />
		<set-property property="moduleAware" value="true" />
		<set-property property="definitions-parser-validate" value="true" />
	</plug-in>
</struts-config>