<?xml version="1.0"?>
<!DOCTYPE struts-config PUBLIC "-//Apache Software Foundation//DTD Struts Configuration 1.2//EN" "http://jakarta.apache.org/struts/dtds/struts-config_1_2.dtd">

<struts-config>
	
	<!-- Custom Request Processor -->
	<!--controller processorClass="org.apache.portals.bridges.struts.PortletTilesRequestProcessor" /-->
	
	<form-beans>
		<form-bean name="menuForm" dynamic="true" type="cl.axis.emision.comun.web.form.MenuForm" />		
	</form-beans>
	
	<global-forwards>
     <forward name="GENERIC_ERROR" path="layout.emision.error" redirect="true"/>
     <forward name="VIEW_MENSAJE" path="layout.emision.mensaje" redirect="true" />	
	</global-forwards>
	
	<action-mappings>

		<action 
			path="/viewMenuAction" 
			type="cl.axis.emision.comun.web.action.ViewMenuAction" 
			name="menuForm"
			scope="session" 
			validate="false">
			<forward name="VIEW_MENU" path="layout.emision.error" redirect="true" />
		</action>
		
	</action-mappings>
	

	<!-- Tiles Plugin -->
	<plug-in className="org.apache.struts.tiles.TilesPlugin">
		<set-property property="definitions-config"
			value="/WEB-INF/tiles-defs.xml" />
		<set-property property="moduleAware" value="true" />
		<set-property property="definitions-parser-validate"
			value="true" />
	</plug-in>
</struts-config>