<?xml version="1.0"?>
<!DOCTYPE struts-config PUBLIC "-//Apache Software Foundation//DTD Struts Configuration 1.2//EN" "http://jakarta.apache.org/struts/dtds/struts-config_1_2.dtd">

<struts-config>

	<form-beans>
		<form-bean name="relacionTareasForm" dynamic="true" type="cl.axis.emision.web.form.RelacionTareasForm" />		
	</form-beans>

	<action-mappings>

		<action 
			path="/viewRelacionTareas" 
			type="cl.axis.emision.web.action.ViewRelacionTareasAction" 
			name="relacionTareasForm"
			scope="session" 
			validate="false">
			<forward name="VIEW_RELACION_TAREAS" path="layout.emision.tareas.mantenedor" redirect="true" />			
		</action>	
		
		<action 
			path="/viewCambiarRelacion" 
			type="cl.axis.emision.web.action.ViewCambiarRelacionTareasAction" 
			name="relacionTareasForm"
			scope="session" 
			validate="false">
			<forward name="VIEW_CAMBIAR_RELACION" path="layout.emision.tareas.cambiar.relacion" redirect="true" />			
		</action>	
		
		<action 
			path="/cambiarRelacionTarea" 
			type="cl.axis.emision.web.action.CambiarRelacionTareasAction" 
			name="relacionTareasForm"
			scope="session" 
			validate="false">	
			<forward name="VIEW_RELACION_TAREAS" path="layout.emision.tareas.mantenedor" redirect="true" />					
		</action>
		
		<action 
			path="/eliminarRelacionTarea" 
			type="cl.axis.emision.web.action.EliminarRelacionTareasAction" 
			name="relacionTareasForm"
			scope="session" 
			validate="false">	
			<forward name="VIEW_RELACION_TAREAS" path="layout.emision.tareas.mantenedor" redirect="true" />					
		</action>
		
		<action 
			path="/viewAgregarRelacionTarea" 
			type="cl.axis.emision.web.action.ViewAgregarRelacionTareaAction" 
			name="relacionTareasForm"
			scope="session" 
			validate="false">		
			<forward name="VIEW_CAMBIAR_RELACION" path="layout.emision.tareas.cambiar.relacion" redirect="true" />				
		</action>
		
		<action 
			path="/agregarRelacionTarea" 
			type="cl.axis.emision.web.action.AgregarRelacionTareaAction" 
			name="relacionTareasForm"
			scope="session" 
			validate="false">			
			<forward name="VIEW_RELACION_TAREAS" path="layout.emision.tareas.mantenedor" redirect="true" />					
		</action>
		
	</action-mappings>

	<message-resources parameter="resources.ApplicationResources" />

	<!-- Tiles Plugin -->
	<plug-in className="org.apache.struts.tiles.TilesPlugin">
		<set-property property="definitions-config"
			value="/WEB-INF/tiles-defs.xml" />
		<set-property property="moduleAware" value="true" />
		<set-property property="definitions-parser-validate"
			value="true" />
	</plug-in>
</struts-config>