<?xml version="1.0"?>
<!DOCTYPE tiles-definitions PUBLIC "-//Apache Software Foundation//DTD Tiles Configuration 1.1//EN" "http://jakarta.apache.org/struts/dtds/tiles-config_1_1.dtd">

<tiles-definitions>

	<definition name="layout.menu_aplicaciones" path="/layout/liberty_template_quappe.jsp"/>
	<definition name="layout.simple" path="/layout/simple_template.jsp"/>
	<definition name="layout.bootstrap_simple" path="/layout/bootstrap_simple_template.jsp"/>
	
	<definition name="layout.admin" extends="layout.menu_aplicaciones">
		<put name="aplication_content" value="/layout/base_template.jsp"/>
	</definition>
	
	<!-- ERROR -->
	<definition name="layout.emision.error" extends="layout.admin">
		<put name="portlet_content" value="/jsp/error/errorGenerico.jsp" />
		<put name="minimized_content" value="/jsp/view_minimized.jsp" />
	</definition>
	
	<!-- MENU -->	
	<definition name="layout.admin.menu" extends="layout.admin">
		<put name="portlet_content" value="/jsp/menu_opciones.jsp" />
		<put name="minimized_content" value="/jsp/view_minimized.jsp" />
	</definition>	
	
	<!-- CICLO EMISION -->	
	<definition name="layout.emision.fotos" extends="layout.admin">
		<put name="portlet_content" value="/jsp/ciclo/detalle_ciclo.jsp" />
		<put name="minimized_content" value="/jsp/view_minimized.jsp" />
	</definition>
	<definition name="layout.emision.inspeccion" extends="layout.admin">
		<put name="portlet_content" value="/jsp/ciclo/detalle_ciclo_insp.jsp" />
		<put name="minimized_content" value="/jsp/view_minimized.jsp" />
	</definition>
	
	<definition name="layout.emision.detalle.gestion" extends="layout.admin">
		<put name="portlet_content" value="/jsp/ciclo/detalle_ciclo_gestion.jsp" />
		<put name="minimized_content" value="/jsp/view_minimized.jsp" />
	</definition>	
	<definition name="layout.emision.devolver" extends="layout.admin">
		<put name="portlet_content" value="/jsp/ciclo/devolver_tarea.jsp" />
		<put name="minimized_content" value="/jsp/view_minimized.jsp" />
	</definition>
	
	<!-- COTIZACION -->
	
	<definition name="layout.emision.detalle.gestion.cotizacion" extends="layout.admin">
		<put name="portlet_content" value="/jsp/ciclo/detalle_ciclo_gestion_cotizacion.jsp" />
		<put name="minimized_content" value="/jsp/view_minimized.jsp" />
	</definition>
	
	<definition name="layout.emision.mensaje" extends="layout.admin">
		<put name="portlet_content" value="/jsp/mensaje.jsp" />
		<put name="minimized_content" value="/jsp/view_minimized.jsp" />
	</definition>
	
	<definition name="layout.emision.seleccion_usuario" extends="layout.admin">
		<put name="portlet_content" value="/jsp/ciclo/seleccion_usuario.jsp" />
		<put name="minimized_content" value="/jsp/view_minimized.jsp" />
	</definition>
	
	<!-- MANTENEDOR DE RELACION DE TAREAS -->	
	<definition name="layout.emision.tareas.mantenedor" extends="layout.admin">
		<put name="portlet_content" value="/jsp/tareas/mantenedor.jsp" />
		<put name="minimized_content" value="/jsp/view_minimized.jsp" />
	</definition>	
	
	<definition name="layout.emision.tareas.cambiar.relacion" extends="layout.admin">
		<put name="portlet_content" value="/jsp/tareas/cambiar_tarea.jsp" />
		<put name="minimized_content" value="/jsp/view_minimized.jsp" />
	</definition>
	<!-- PAGINA DE GESTION -->
	<definition name="layout.emision.bandeja" extends="layout.admin">
		<put name="portlet_content" value="/jsp/gestion/bandeja_entrada.jsp" />
		<put name="minimized_content" value="/jsp/view_minimized.jsp" />
	</definition>	
	
	<definition name="layout.emision.bandeja.cotizacion" extends="layout.admin">
		<put name="portlet_content" value="/jsp/gestion/bandeja_entrada_cotizacion.jsp" />
		<put name="minimized_content" value="/jsp/view_minimized.jsp" />
	</definition>
	
	<!-- PAGINA DE ERROR -->
	<definition name="layout.viewclose" extends="layout.admin">
		<put name="portlet_content" value="/jsp/emi_close.jsp" />
	</definition>
	
	<definition name="layout.viewerror" extends="layout.admin">
		<put name="portlet_content" value="/jsp/error/error.jsp" />
	</definition>
	
	<!-- adjuntar archivos -->
		<definition name="layout.emision.agregar.archivo" extends="layout.simple">
		<put name="portlet_content" value="/jsp/ciclo/emi_archivo_adjunto.jsp"/>
		<put name="minimized_content" value="/jsp/view_minimized.jsp" />		
	</definition>
	
	<!-- VER ARCHIVOS ADJUNTOS -->
	<definition name="layout.busqueda.documentos" extends="layout.admin">
		<put name="portlet_content" value="/jsp/ciclo/doc_busqueda_documentos.jsp"/>
		<put name="minimized_content" value="/jsp/view_minimized.jsp" />		
	</definition>
	
	<!-- PAGINAS PARA MODIFICAR CICLO -->
	<!-- BUSQUEDA Y FILTRO -->
	<definition name="layout.busqueda.ciclo" extends="layout.admin">
		<put name="portlet_content" value="/jsp/modificar_ciclo/buscar_ciclo.jsp" />
		<put name="minimized_content" value="/jsp/view_minimized.jsp" />
	</definition>
	<!-- DETALLE CICLO A MODIFICAR -->
	<definition name="layout.modificar.ciclo" extends="layout.admin">
		<put name="portlet_content" value="/jsp/modificar_ciclo/ciclo.jsp" />
		<put name="minimized_content" value="/jsp/view_minimized.jsp" />
	</definition>
	<!-- MENSAJE -->
	<definition name="layout.cerrar.ciclo" extends="layout.admin">
		<put name="portlet_content" value="/jsp/modificar_ciclo/ciclo_close.jsp" />
		<put name="minimized_content" value="/jsp/view_minimized.jsp" />
	</definition>
	<!-- VER OBSERVACION -->
	<definition name="layout.observacion.ciclo" extends="layout.admin">
		<put name="portlet_content" value="/jsp/ciclo/observacion.jsp" />
		<put name="minimized_content" value="/jsp/view_minimized.jsp" />
	</definition>
	
	
	<definition name="layout.emision.solicitud.plan" extends="layout.bootstrap_simple">
		<put name="portlet_content" value="/jsp/ciclo/solicitud_plan.jsp" />
		<put name="minimized_content" value="/jsp/view_minimized.jsp" />
	</definition>
	
	
</tiles-definitions>